{"uuid":"10e0665d-8198-1ea7-1169-2f2e2a13a86e","score":"500","min_score":"0","name":"mister_xor","subject":"crypto","state":"open","author":"[keva] sea-kg","text":"EN: There encrypted file using xor.\nRU: \u0415\u0441\u0442\u044c \u0437\u0430\u0448\u0438\u0444\u0440\u043e\u0432\u0430\u043d\u043d\u044b\u0439 \u0444\u0430\u0439\u043b \u0441 \u043f\u043e\u043c\u043e\u0449\u044c\u044e xor, \u043f\u043e\u043b\u0443\u0447\u0438\u0442\u0435 \u043a\u043b\u044e\u0447.\n\nAlphabet: qwertyuiopasdfghjklzxcvbnm_\nLength Key: 24\n\nMessage: vbqwyivxgshofjeiycfbu","description_state":"Solve by author:\n\n    read wiki about xor\n    Download sources from https:\/\/github.com\/sea-kg\/seakg-hack-xor or create new program\n    run\n    get flag\n","answer":"useanonymizersisrightway","date_create":"2015-09-25 17:14:40","date_change":"2015-09-25 17:15:53","game":{"uuid":"83b3c135-267e-5fa5-a93d-d78266d3d571","title":"FHQ2015"},"files":[{"uuid":"8B6D59C7-4E76-1143-FE2B-D7F17A521F38","filename":"encryptedtext","filepath":"files\/quests\/8B6D59C7-4E76-1143-FE2B-D7F17A521F38_encryptedtext","size":"5089"}]}