{"uuid":"c58627b4-94b9-79a1-8509-1eac144f3113","score":"10","min_score":"0","name":"first-man","subject":"trivia","state":"open","author":"[keva] sea-kg","text":"EN: How is it?\nRU: \u041a\u0442\u043e \u044d\u0442\u043e?\n<img width=\"250px\" src=\"files\/quests\/75B6FF1A-E93E-BE87-6F4E-7FB6C3B7FDCB_10_trivia.jpeg\"\/>","description_state":"Solve by author:\n\n    just google\n","answer":"Bill Gates","date_create":"2015-09-22 17:46:06","date_change":"2015-09-22 17:47:05","game":{"uuid":"83b3c135-267e-5fa5-a93d-d78266d3d571","title":"FHQ2015"},"files":[{"uuid":"75B6FF1A-E93E-BE87-6F4E-7FB6C3B7FDCB","filename":"10_trivia.jpeg","filepath":"files\/quests\/75B6FF1A-E93E-BE87-6F4E-7FB6C3B7FDCB_10_trivia.jpeg","size":"179256"}]}