{"uuid":"d677edc1-e5a4-2387-443c-c6098674f844","score":"30","min_score":"0","name":"the_planet","subject":"trivia","state":"open","author":"[ufologist] mxkv & [keva] sea-kg","text":"????? the planet\n\n<img width=\"250px\" src=\"files\/quests\/C3A2CB27-F5F0-A175-0ECC-42C5D5E4C399_trivia30.jpg\"\/>","description_state":"Solve by author:\n\n    basic knowledge\n","answer":"hack","date_create":"2015-09-22 17:50:27","date_change":"2015-09-22 17:53:40","game":{"uuid":"83b3c135-267e-5fa5-a93d-d78266d3d571","title":"FHQ2015"},"files":[{"uuid":"C3A2CB27-F5F0-A175-0ECC-42C5D5E4C399","filename":"trivia30.jpg","filepath":"files\/quests\/C3A2CB27-F5F0-A175-0ECC-42C5D5E4C399_trivia30.jpg","size":"92587"}]}