{"uuid":"06f929de-d25f-beaf-9bcf-5785d6e3eefe","score":"40","min_score":"0","name":"Steve","subject":"trivia","state":"open","author":"[ufologist] mxkv & [keva] sea-kg","text":"EN: What company started this man (Steve Jobs)?\nRU: \u041a\u0430\u043a\u0443\u044e \u043a\u043e\u043c\u043f\u0430\u043d\u0438\u044e \u043e\u0441\u043d\u043e\u0432\u0430\u043b \u044d\u0442\u043e\u0442 \u0447\u0435\u043b\u043e\u0432\u0435\u043a ( \u0421\u0442\u0438\u0432 \u0434\u0436\u043e\u0431\u0441 )?\n<img width=\"250px\" src=\"files\/quests\/3522BF2E-D382-3405-0E76-9A72347C3200_trivia40.jpg\"\/>\n\nHint: In 1985\n","description_state":"Solve by author:\n\n    basic knowledge\n","answer":"NeXT","date_create":"2015-09-22 17:54:55","date_change":"2015-09-22 17:55:43","game":{"uuid":"83b3c135-267e-5fa5-a93d-d78266d3d571","title":"FHQ2015"},"files":[{"uuid":"3522BF2E-D382-3405-0E76-9A72347C3200","filename":"trivia40.jpg","filepath":"files\/quests\/3522BF2E-D382-3405-0E76-9A72347C3200_trivia40.jpg","size":"64680"}]}