{"uuid":"62b981d6-b3c7-13c0-c32e-a5740a910b46","score":"200","min_score":"0","name":"clown","subject":"forensics","state":"open","author":"[keva] sea-kg","text":"EN: Find the flag.\nRU: \u041d\u0430\u0439\u0434\u0438\u0442\u0435 \u0444\u043b\u0430\u0433.","description_state":"Solve by author:\n\n    just open file file011 as video\n","answer":"hellogeorgie","date_create":"2015-09-25 17:25:40","date_change":"2015-09-25 17:28:35","game":{"uuid":"83b3c135-267e-5fa5-a93d-d78266d3d571","title":"FHQ2015"},"files":[{"uuid":"7B74242B-E493-A9EE-D365-E649AA75F07A","filename":"forensics200.iso","filepath":"files\/quests\/7B74242B-E493-A9EE-D365-E649AA75F07A_forensics200.iso","size":"12126208"}]}