{"uuid":"a9e48bbc-5d7f-8034-924b-6c92c211cad9","score":"300","min_score":"0","name":"big_data","subject":"ppc","state":"open","author":"[keva] firolunis","text":"EN: Some crazy mathematician send to us.\nRU: \u041e\u0434\u0438\u043d \u0441\u0443\u043c\u0430\u0441\u0448\u0435\u0434\u0448\u0438\u0439 \u043c\u0430\u0442\u0435\u043c\u0430\u0442\u0438\u043a \u043f\u0440\u0438\u0441\u043b\u0430\u043b \u043d\u0430\u043c \u044d\u0442\u043e.","description_state":"Solve by author:\n\n    Write script to sum all numbers from file\n    Realize that result is bytes sequence and add leading zero\n    Convert bytes to string\n    Realize that string is base64\n    Decode base64\n    Flag is BIGdataIScool\n","answer":"BIGdataIScool","date_create":"2015-09-25 18:26:57","date_change":"2015-09-25 18:26:57","game":{"uuid":"83b3c135-267e-5fa5-a93d-d78266d3d571","title":"FHQ2015"},"files":[{"uuid":"4D1CB572-DEF2-A4EB-D82D-553518D9C513","filename":"ppc300","filepath":"files\/quests\/4D1CB572-DEF2-A4EB-D82D-553518D9C513_ppc300","size":"15781275"}]}