{"uuid":"4ed1cab1-a4b4-35b6-953f-8d783ea3a47e","score":"200","min_score":"0","name":"caesar","subject":"crypto","state":"open","author":"[keva] firolunis","text":"EN: We recieved this from our Roman friend.\nRU: \u041c\u044b \u043f\u043e\u043b\u0443\u0447\u0438\u043b\u0438 \u044d\u0442\u043e \u043e\u0442 \u043d\u0430\u0448\u0435\u0433\u043e \u0434\u0440\u0435\u0432\u043d\u0435\u0440\u0438\u043c\u0441\u043a\u043e\u0433\u043e \u0437\u043d\u0430\u043a\u043e\u043c\u043e\u0433\u043e.\n\nMessage: vbqwyivxgshofjeiycfbu","description_state":"Solve by author:\n\n    Detect cipher: caesar\n    Bruteforce\n    Find sensible text: flagisfhqcryptosimple\n    Flag is fhqcryptosimple\n","answer":"fhqcryptosimple","date_create":"2015-09-25 17:08:07","date_change":"2015-09-25 17:08:07","game":{"uuid":"83b3c135-267e-5fa5-a93d-d78266d3d571","title":"FHQ2015"},"files":[]}