{"uuid":"02fe3e52-dc72-929a-faa5-e46c31c885cf","score":"200","min_score":"0","name":"shaman","subject":"hashes","state":"open","author":"[keva] sea-kg","text":"EN: There sha1-hash of the password. Need a password. We know that the password consists of 10 digits.\nRU: \u0415\u0441\u0442\u044c sha1-\u0445\u044d\u0448 \u043e\u0442 \u043f\u0430\u0440\u043e\u043b\u044f. \u041d\u0443\u0436\u0435\u043d \u043f\u0430\u0440\u043e\u043b\u044c. \u0418\u0437\u0432\u0435\u0441\u0442\u043d\u043e \u0447\u0442\u043e \u043f\u0430\u0440\u043e\u043b\u044c \u0441\u043e\u0441\u0442\u043e\u0438\u0442 \u0438\u0437 10 \u0446\u0438\u0444\u0440.\n\nHash: 3f0617240f6e8c5608003e4f17b69437072b1042\n\nHint 1. Only brutfource","description_state":"Solve by author:\n\n    Brutforce by alphabet: 0123456789 (~ 1 hour for bruting)\n    Found password: echo -n 6719856100 | sha1sum\n","answer":"67198561","date_create":"2015-09-25 17:37:53","date_change":"2015-09-25 17:37:53","game":{"uuid":"83b3c135-267e-5fa5-a93d-d78266d3d571","title":"FHQ2015"},"files":[]}