{"uuid":"1f0bc866-7cc9-3830-fcd3-a63faf76e4a8","score":"400","min_score":"0","name":"docker","subject":"admin","state":"open","author":"[keva] sea-kg","text":"EN: Write docker file and from it take md5 - this will be the answer.\n    Docker must unfold from debian. When creating an image it should be placed: apache2, php5\n    Also, add index.php. At the start of dockers must run \/etc\/init.d\/apache2 restart && \/bin\/bash\n    Open port 80.\n    To check the correctness of the decision (`sha1sum Dockerfile`): 09528e9bbd9915aa5daa54a11a41f683faa4367a\n\nRU: \u041d\u0430\u043f\u0438\u0448\u0438\u0442\u0435 \u0434\u043e\u043a\u0435\u0440 \u0444\u0430\u0439\u043b \u0438 \u043e\u0442 \u043d\u0435\u0433\u043e \u0432\u043e\u0437\u044c\u043c\u0438\u0442\u0435 md5 - \u044d\u0442\u043e \u0438 \u0431\u0443\u0434\u0435\u0442 \u043e\u0442\u0432\u0435\u0442\u043e\u043c.\n    \u0414\u043e\u043a\u0435\u0440 \u0434\u043e\u043b\u0436\u0435\u043d \u0440\u0430\u0437\u0432\u043e\u0440\u0430\u0447\u0438\u0432\u0430\u0442\u044c\u0441\u044f \u0438\u0437 debian. \u043f\u0440\u0438 \u0441\u043e\u0437\u0434\u0430\u043d\u0438\u0438 \u043e\u0431\u0440\u0430\u0437\u0430 \u0432 \u043d\u0435\u043c \u0434\u043e\u043b\u0436\u0435\u043d \u0441\u0442\u0430\u0432\u0438\u0442\u044c\u0441\u044f: apache2, php5\n    \u0422\u0430\u043a\u0436\u0435 \u0434\u043e\u0431\u0430\u0432\u044c\u0442\u0435 .\/index.php. \u041f\u0440\u0438 \u0441\u0442\u0430\u0440\u0442\u0435 \u0434\u043e\u043a\u0435\u0440\u0430 \u0434\u043e\u043b\u0436\u0435\u043d \u0437\u0430\u043f\u0443\u0441\u043a\u0430\u0442\u044c\u0441\u044f \/etc\/init.d\/apache2 restart && \/bin\/bash\n    \u041e\u0442\u043a\u0440\u044b\u0442\u044c \u043f\u043e\u0440\u0442 80.\n    \u0414\u043b\u044f \u043f\u0440\u043e\u0432\u0435\u0440\u043a\u0438 \u043f\u0440\u0430\u0432\u0438\u043b\u044c\u043d\u043e\u0441\u0442\u0438 \u0440\u0435\u0448\u0435\u043d\u0438\u044f (`sha1sum Dockerfile`): 09528e9bbd9915aa5daa54a11a41f683faa4367a\n\nHint 1: MAINTAINER fhq $lt;freehackquest@gmail.com&gt;\nHint 2: jessie baby, only jessie!\nHint 3: For nice watch: line break after MAINTAINER and previous EXPOSE\nHint 4: ADD .\/index.php &lt;correct target-dir&gt;\/\nHint 5: Please read about jessie + apache2 (they changed usually web-dir)\nHint 6: use \\n (not \\r\\n)\nHint 7: \"-y install\"\nHint 8: cat Dockerfile | wc -l\n   == 11\nHint 9: don't forgot remove old index.html\n","description_state":"","answer":"5ace6a87f4b1286ab321bd30d72c55ea","date_create":"2015-09-25 17:01:37","date_change":"2015-09-25 17:01:37","game":{"uuid":"83b3c135-267e-5fa5-a93d-d78266d3d571","title":"FHQ2015"},"files":[]}