{"uuid":"d53b60f6-edc5-9571-0f5b-ff432641f3ab","score":"100","min_score":"0","name":"b64","subject":"crypto","state":"open","author":"[keva] firolunis","text":"EN: Look at this string. It's strange.\nRU: \u0412\u0437\u0433\u043b\u044f\u043d\u0438\u0442\u0435 \u043d\u0430 \u044d\u0442\u0443 \u0441\u0442\u0440\u043e\u043a\u0443. \u041e\u043d\u0430 \u0441\u0442\u0440\u0430\u043d\u043d\u0430\u044f.\n\nMessage: ZmxhZ2lzVzBXdGhpc2lzQkFTRTY0Cg==","description_state":"Solve by author:\n\n    Look at the end of the string\n    Realize that this is base64 encoded string\n    Decode string\n    Flag is W0WthisisBASE64\n","answer":"W0WthisisBASE64","date_create":"2015-09-25 17:07:08","date_change":"2015-09-25 17:07:08","game":{"uuid":"83b3c135-267e-5fa5-a93d-d78266d3d571","title":"FHQ2015"},"files":[]}