{"uuid":"09a3fd88-b411-4407-ccd2-e7124b75682c","score":"50","min_score":"0","name":"cool_hardware","subject":"trivia","state":"open","author":"[keva] shipko & [keva] sea-kg","text":"EN: device \"Swiss army knife\" for the system administrator\nRU: \u0443\u0441\u0442\u0440\u043e\u0439\u0441\u0442\u0432\u043e \"\u0448\u0432\u0435\u0439\u0446\u0430\u0440\u0441\u043a\u0438\u0439 \u043d\u043e\u0436\" \u0434\u043b\u044f \u0441\u0438\u0441\u0430\u0434\u043c\u0438\u043d\u0430\n\n<img width=\"250px\" src=\"files\/quests\/140DE20E-84E7-EC40-8E29-0E3AE7C1E719_trivia50.jpg\"\/>","description_state":"Solve by author:\n\n    basic search\n","answer":"Zalman ZM-VE300","date_create":"2015-09-22 17:56:49","date_change":"2015-09-22 17:57:39","game":{"uuid":"83b3c135-267e-5fa5-a93d-d78266d3d571","title":"FHQ2015"},"files":[{"uuid":"140DE20E-84E7-EC40-8E29-0E3AE7C1E719","filename":"trivia50.jpg","filepath":"files\/quests\/140DE20E-84E7-EC40-8E29-0E3AE7C1E719_trivia50.jpg","size":"78745"}]}