{"uuid":"d5c1d49c-acf8-85fc-50fa-7a7abfa8792c","score":"300","min_score":"0","name":"serial","subject":"crypto","state":"open","author":"[keva] sea-kg","text":"EN: Find the name of the series and the number of season (note the name with no spaces or punctuation: nameofserial_seasonX).\nRU: \u041d\u0430\u0439\u0434\u0438\u0442\u0435 \u043d\u0430\u0437\u0432\u0430\u043d\u0438\u0435 \u0441\u0435\u0440\u0438\u0430\u043b\u0430 \u0438 \u043d\u043e\u043c\u0435\u0440 \u0441\u0435\u0437\u043e\u043d\u0430 (\u043d\u0430\u0437\u0432\u0430\u043d\u0438\u0435 \u0437\u0430\u043f\u0438\u0448\u0438\u0442\u0435 \u0431\u0435\u0437 \u043f\u0440\u043e\u0431\u0435\u043b\u043e\u0432 \u0438 \u0437\u043d\u0430\u043a\u043e\u0432 \u043f\u0440\u0435\u043f\u0438\u043d\u0430\u043d\u0438\u044f: nameofserial_seasonX).\n","description_state":"Solve by author:\n\n    search in google images by sreen2.png\n    open http:\/\/vk.com\/album-30666517_179046344\n    and look here: http:\/\/vk.com\/photo-30666517_313996723\n    \"Stargate: SG-1, 7 \u0441\u0435\u0437\u043e\u043d\" -> \"StargateSG1_season7\"\n","answer":"StargateSG1_season7","date_create":"2015-09-25 17:26:41","date_change":"2015-09-25 17:27:19","game":{"uuid":"83b3c135-267e-5fa5-a93d-d78266d3d571","title":"FHQ2015"},"files":[{"uuid":"F7C3D262-655A-095C-6ABF-2D0DCE121CD6","filename":"screen2.png","filepath":"files\/quests\/F7C3D262-655A-095C-6ABF-2D0DCE121CD6_screen2.png","size":"1054434"},{"uuid":"0E736165-1547-0EC4-4FE2-F6F8B4BE538F","filename":"screen1.png","filepath":"files\/quests\/0E736165-1547-0EC4-4FE2-F6F8B4BE538F_screen1.png","size":"1267762"}]}