{"uuid":"12f4ae3c-3237-6acb-3dc2-f04199cff3ed","score":"20","min_score":"0","name":"icmp-package","subject":"trivia","state":"open","author":"[keva] sea-kg","text":"EN: What makes it a popular tool? And you did it?\nRU: \u041a\u0430\u043a\u0430\u044f \u043f\u043e\u043f\u0443\u043b\u044f\u0440\u043d\u0430\u044f \u0443\u0442\u0438\u043b\u0438\u0442\u0430 \u044d\u0442\u043e \u0434\u0435\u0430\u043b\u0430\u0435\u0442? \u0410 \u0432\u044b \u044d\u0442\u043e \u0434\u0435\u043b\u0430\u043b\u0438?\n\n<img width=\"250px\" src=\"files\/quests\/C10B635E-E656-2CCA-B6BE-82BFE8570F4B_trivia20.jpg\"\/>\n","description_state":"Solve by author:\n\n    basic knowledge\n","answer":"ping","date_create":"2015-09-22 17:48:53","date_change":"2015-09-22 17:49:22","game":{"uuid":"83b3c135-267e-5fa5-a93d-d78266d3d571","title":"FHQ2015"},"files":[{"uuid":"C10B635E-E656-2CCA-B6BE-82BFE8570F4B","filename":"trivia20.jpg","filepath":"files\/quests\/C10B635E-E656-2CCA-B6BE-82BFE8570F4B_trivia20.jpg","size":"23393"}]}