{"uuid":"c49221db-3a49-48f4-6af1-31483e6348d5","score":"400","min_score":"0","name":"your_brain_crash","subject":"ppc","state":"open","author":"[life] by_sm","text":"char *ptr = array;\n\nlol         =   --*ptr; \nlool        =   ++*ptr; \nloool       =   --ptr; \nlooool      =   ++ptr; \nloooool     =   putchar(*ptr); \nlooooool    =   *ptr=getchar(); \nloooooool   =   while (*ptr) { \nlooooooool  =   }\n","description_state":"first repalace all \"lo..l\" to code:","answer":"YourFlag","date_create":"2015-09-25 18:28:42","date_change":"2015-09-25 18:28:42","game":{"uuid":"83b3c135-267e-5fa5-a93d-d78266d3d571","title":"FHQ2015"},"files":[{"uuid":"D38E3361-6D3B-A21E-F7CD-6A383B9F3DD9","filename":"your_brain.lol","filepath":"files\/quests\/D38E3361-6D3B-A21E-F7CD-6A383B9F3DD9_your_brain.lol","size":"8459"}]}