{"uuid":"469457ca-13a2-d955-515c-5ae16e7df834","score":"200","min_score":"0","name":"easy_web","subject":"reverse","state":"open","author":"[keva] f0X","text":"EN: Enter to admin panel\nRU: \u0412\u043e\u0439\u0442\u0438 \u0432 \u0430\u0434\u043c\u0438\u043d\u043a\u0443\n\n<img width=\"250px\" src=\"files\/quests\/87B27B6A-7C23-1A55-84DB-B004502C9745_logo.jpg\"\/>","description_state":"","answer":"it_was_easy","date_create":"2015-09-25 18:48:47","date_change":"2015-09-25 18:51:08","game":{"uuid":"83b3c135-267e-5fa5-a93d-d78266d3d571","title":"FHQ2015"},"files":[{"uuid":"87B27B6A-7C23-1A55-84DB-B004502C9745","filename":"logo.jpg","filepath":"files\/quests\/87B27B6A-7C23-1A55-84DB-B004502C9745_logo.jpg","size":"67066"},{"uuid":"6498820D-07C4-0EE1-1433-05F5180ABD13","filename":"index.html","filepath":"files\/quests\/6498820D-07C4-0EE1-1433-05F5180ABD13_index.html","size":"20683"}]}