{"uuid":"736538d6-d851-c1e2-062a-1e763358d6db","score":"500","min_score":"0","name":"some_weird_code","subject":"ppc","state":"open","author":"[keva] firolunis","text":"EN: Please, try to fix this weird code.\nRU: \u041f\u043e\u0436\u0430\u043b\u0443\u0439\u0441\u0442\u0430, \u043f\u043e\u043f\u044b\u0442\u0430\u0439\u0442\u0435\u0441\u044c \u0438\u0441\u043f\u0440\u0430\u0432\u0438\u0442\u044c \u044d\u0442\u043e\u0442 \u0441\u0442\u0440\u0430\u043d\u043d\u044b\u0439 \u043a\u043e\u0434.","description_state":"","answer":"beefdkb3emdrbuevd2bdeedjbke3dqbr","date_create":"2015-09-25 18:31:32","date_change":"2015-09-25 18:31:55","game":{"uuid":"83b3c135-267e-5fa5-a93d-d78266d3d571","title":"FHQ2015"},"files":[{"uuid":"B51581A6-EF37-0273-6D38-02A718851D35","filename":"some_weird_code","filepath":"files\/quests\/B51581A6-EF37-0273-6D38-02A718851D35_some_weird_code","size":"267"}]}