{"uuid":"bdab373e-aea4-af34-5e20-3616dd7bd81e","score":"400","min_score":"0","name":"subcip","subject":"crypto","state":"open","author":"[keva] firolunis","text":"EN: Look at this puzzle.\nRU: \u0412\u0437\u0433\u043b\u044f\u043d\u0438\u0442\u0435 \u043d\u0430 \u044d\u0442\u0443 \u0433\u043e\u043b\u043e\u0432\u043e\u043b\u043e\u043c\u043a\u0443.","description_state":"Solve by author:\n\n    This is substitution cipher\n    Calc frequency or try to guess\n    Flag is alicerulezz\n","answer":"alicerulezz","date_create":"2015-09-25 17:12:25","date_change":"2015-09-25 17:13:23","game":{"uuid":"83b3c135-267e-5fa5-a93d-d78266d3d571","title":"FHQ2015"},"files":[{"uuid":"66E99274-55EB-5AA4-B770-CBE98CD6621B","filename":"ciphertext","filepath":"files\/quests\/66E99274-55EB-5AA4-B770-CBE98CD6621B_ciphertext","size":"1285"}]}