{"uuid":"0eabadef-765a-32e9-434a-717c094cde75","score":"500","min_score":"0","name":"sain_070","subject":"recon","state":"open","author":"[keva] sain_070","text":"EN: Where sain_070 works?\nRU: \u0413\u0434\u0435 \u0440\u0430\u0431\u043e\u0442\u0430\u0435\u0442 sain_070?","description_state":"","answer":"\u041e\u0410\u041e \"\u0422\u043e\u043c\u0441\u043a\u043d\u0435\u0444\u0442\u0435\u043f\u0440\u043e\u0434\u0443\u043a\u0442\" \u0412\u041d\u041a","date_create":"2015-09-25 18:44:28","date_change":"2015-09-25 18:44:28","game":{"uuid":"83b3c135-267e-5fa5-a93d-d78266d3d571","title":"FHQ2015"},"files":[]}