{"uuid":"e0e33bd1-dd7b-3e83-be63-ebd00c9a3166","score":"100","min_score":"0","name":"keyboard-password","subject":"hashes","state":"open","author":"[keva] sea-kg","text":"EN: We know which keys pressed user for password\n and we have MD5-sum by password, please got password.\n\nRU: \u041d\u0430\u043c \u0438\u0437\u0432\u0435\u0441\u0442\u043d\u043e \u043a\u0430\u043a\u0438\u0435 \u043a\u043b\u0430\u0432\u0438\u0448\u0438 \u043d\u0430\u0436\u0438\u043c\u0430\u043b \u043f\u043e\u043b\u044c\u0437\u043e\u0432\u0430\u0442\u0435\u043b\u044c \n\u0430 \u0442\u0430\u043a\u0436\u0435 \u0438\u0437\u0432\u0435\u0441\u0442\u0435\u043d md5-\u0445\u044d\u0448 \u043e\u0442 \u043f\u0430\u0440\u043e\u043b\u044f \u043f\u043e\u0436\u0430\u043b\u0443\u0439\u0441\u0442\u0430 \n\u0443\u0437\u043d\u0430\u0439\u0442\u0435 \u043f\u0430\u0440\u043e\u043b\u044c.\n\nHash: d377e0079ee9e94fc69336a01630b041\n\nHint 1. Keyboard is english.\nHint 2. Without \"shift\"\nHint 3. Password has 8 characters\nHint 4: sometimes where you see \"n\" possible key \n\"m\" in another keyboards. I hope this give you \nshans to be successfully.\n\n<img width=\"250px\" src=\"files\/quests\/E1E454D2-CB8D-54BA-E89B-94DAF3DE9D30_keyboard.png\"\/>","description_state":"Solve by author:\n\n    Detect keys: 4dg9uom\n    Brutforce by alphabet: 4dg9uom\n    Found password: echo -n god94mug | md5sum\n","answer":"god94mug","date_create":"2015-09-25 17:34:03","date_change":"2015-09-25 17:35:00","game":{"uuid":"83b3c135-267e-5fa5-a93d-d78266d3d571","title":"FHQ2015"},"files":[{"uuid":"E1E454D2-CB8D-54BA-E89B-94DAF3DE9D30","filename":"keyboard.png","filepath":"files\/quests\/E1E454D2-CB8D-54BA-E89B-94DAF3DE9D30_keyboard.png","size":"18963"}]}