{"uuid":"47724340-7fd0-a8e7-875b-a911fda5d43b","score":"300","min_score":"0","name":"corp_mail","subject":"reverse","state":"open","author":"[keva] f0x","text":"EN: Get access to e-mail admin.\nRU: \u041f\u043e\u043b\u0443\u0447\u0438\u0442\u044c \u0434\u043e\u0441\u0442\u0443\u043f \u043a \u043f\u043e\u0447\u0442\u0435 \u0430\u0434\u043c\u0438\u043d\u0438\u0441\u0442\u0440\u0430\u0442\u043e\u0440\u0430.","description_state":"","answer":"sh_ps","date_create":"2015-09-25 18:53:35","date_change":"2015-09-25 18:53:35","game":{"uuid":"83b3c135-267e-5fa5-a93d-d78266d3d571","title":"FHQ2015"},"files":[{"uuid":"EF812732-060E-4C14-506B-38147D9FA69F","filename":"corp_mail.apk","filepath":"files\/quests\/EF812732-060E-4C14-506B-38147D9FA69F_corp_mail.apk","size":"1797924"}]}