{"uuid":"f2ab29ab-9ea8-e20e-4b58-4366926260d7","score":"300","min_score":"0","name":"git","subject":"admin","state":"open","author":"[keva] sea-kg","text":"EN: ind the flag in a git repository.\nRU: \u041d\u0430\u0439\u0434\u0438\u0442\u0435 \u0444\u043b\u0430\u0433 \u0432 git \u0440\u0435\u043f\u043e\u0437\u0438\u0442\u043e\u0440\u0438\u0438.\n\nHint: read book pro-git","description_state":"Solve by author:\n\n    git log --graph --oneline --all\n    git show 0d386f2\n    git show 794a1f3\n    git show 9718d9d\n","answer":"systemofversioncontroliscool","date_create":"2015-09-25 16:57:51","date_change":"2015-09-25 16:59:27","game":{"uuid":"83b3c135-267e-5fa5-a93d-d78266d3d571","title":"FHQ2015"},"files":[{"uuid":"B7C295D9-90A1-8E55-2D74-FA33E5F3ED92","filename":"admin300.git.zip","filepath":"files\/quests\/B7C295D9-90A1-8E55-2D74-FA33E5F3ED92_admin300.git.zip","size":"30694"}]}