{"uuid":"02a93eb7-6753-bd08-4dc1-11ed338e71c6","score":"100","min_score":"0","name":"attention","subject":"web","state":"open","author":"[keva] sea-kg","text":"EN: Find the flag.\nRU: \u041d\u0430\u0439\u0434\u0438\u0442\u0435 \u0444\u043b\u0430\u0433\n<a href=\"http:\/\/fhq2015.keva.su\">http:\/\/fhq2015.keva.su<\/a>","description_state":"Solve by author:\n\n    just look sources of page\n","answer":"didnotforgotreadingcomments","date_create":"2015-09-25 19:25:07","date_change":"2015-09-25 19:25:07","game":{"uuid":"83b3c135-267e-5fa5-a93d-d78266d3d571","title":"FHQ2015"},"files":[]}