{"uuid":"6a17923d-c00f-b720-7bc9-4c0deac66f4b","score":"300","min_score":"0","name":"archiv1945.x001876","subject":"crypto","state":"open","author":"[keva] sea-kg","text":"EN: Digitized file since the days of World War 2.\nRU: \u041e\u0446\u0438\u0444\u0440\u043e\u0432\u0430\u043d\u043d\u044b\u0439 \u0444\u0430\u0439\u043b \u0441\u043e \u0432\u0440\u0435\u043c\u0435\u043d 2-\u043c\u0438\u0440\u043e\u0432\u043e\u0439 \u0432\u043e\u0439\u043d\u044b.\n\n<a class=\"fhqbtn\" target=\"_ablank\" href=\"files\/quests\/72408033-2BC8-A76E-E620-AFB8F8CC5C79_crypto100.jpg\">Download crypto100.jpg<\/a>","description_state":"","answer":"weaattackedbyunknownrace","date_create":"2015-09-25 17:09:25","date_change":"2015-09-25 17:11:00","game":{"uuid":"83b3c135-267e-5fa5-a93d-d78266d3d571","title":"FHQ2015"},"files":[{"uuid":"01E44FA7-EFF2-6307-E5D2-DD6A1C17C730","filename":"crypto100.wav","filepath":"files\/quests\/01E44FA7-EFF2-6307-E5D2-DD6A1C17C730_crypto100.wav","size":"175404"},{"uuid":"72408033-2BC8-A76E-E620-AFB8F8CC5C79","filename":"crypto100.jpg","filepath":"files\/quests\/72408033-2BC8-A76E-E620-AFB8F8CC5C79_crypto100.jpg","size":"64078"}]}