{"uuid":"aeb0d3fe-ee05-a913-328b-a4c669691013","score":"100","min_score":"0","name":"hardcode","subject":"reverse","state":"open","author":"[keva] firolunis","text":"EN: Our CIA friend sent this.\nRU: \u042d\u0442\u043e \u043f\u0440\u0438\u0441\u043b\u0430\u043b \u043d\u0430\u0448 \u0434\u0440\u0443\u0433 \u0438\u0437 \u0426\u0420\u0423.\n","description_state":"","answer":"hellomerkel","date_create":"2015-09-25 18:47:12","date_change":"2015-09-25 18:47:45","game":{"uuid":"83b3c135-267e-5fa5-a93d-d78266d3d571","title":"FHQ2015"},"files":[{"uuid":"4D70E5D0-56B2-A4E5-6106-7FA26BD5BE33","filename":"hardcode.exe","filepath":"files\/quests\/4D70E5D0-56B2-A4E5-6106-7FA26BD5BE33_hardcode.exe","size":"134111"},{"uuid":"BD51BAB4-597A-C55D-B96A-82E785BC188F","filename":"hardcode","filepath":"files\/quests\/BD51BAB4-597A-C55D-B96A-82E785BC188F_hardcode","size":"7072"}]}