{"uuid":"19a63cca-7fe5-ae20-0113-236e8ec8e1a7","score":"300","min_score":"0","name":"agp","subject":"recon","state":"open","author":"[keva] firolunis","text":"EN: Which language this man advertise?\nRU: \u041a\u0430\u043a\u043e\u0439 \u044f\u0437\u044b\u043a \u043f\u0440\u043e\u0434\u0432\u0438\u0433\u0430\u0435\u0442 \u044d\u0442\u043e\u0442 \u0447\u0435\u043b\u043e\u0432\u0435\u043a?\n\n<img width=\"250px\" src=\"files\/quests\/39DB32FD-994F-10D3-764D-A349900F4DEE_agp.png\"\/>","description_state":"","answer":"\u041b\u042f\u041f\u0410\u0421","date_create":"2015-09-25 18:40:03","date_change":"2015-09-25 18:40:25","game":{"uuid":"83b3c135-267e-5fa5-a93d-d78266d3d571","title":"FHQ2015"},"files":[{"uuid":"39DB32FD-994F-10D3-764D-A349900F4DEE","filename":"agp.png","filepath":"files\/quests\/39DB32FD-994F-10D3-764D-A349900F4DEE_agp.png","size":"60434"}]}