{"uuid":"6946a149-de14-4bfc-417e-e820a9007687","score":"400","min_score":"0","name":"meine_vergessen","subject":"reverse","state":"open","author":"[keva] sea-kg","text":"EN: What say foxes?\nRU: \u0427\u0442\u043e \u0433\u043e\u0432\u043e\u0440\u044f\u0442 \u043b\u0438\u0441\u044b?\n\nHint 1. Strings could not help you.","description_state":"","answer":"foxes5ayHumansMu5tD1e","date_create":"2015-09-25 18:55:02","date_change":"2015-09-25 18:55:25","game":{"uuid":"83b3c135-267e-5fa5-a93d-d78266d3d571","title":"FHQ2015"},"files":[{"uuid":"4B211CDB-CF1E-3961-20A7-670036FE3DCD","filename":"meine_vergessen.exe","filepath":"files\/quests\/4B211CDB-CF1E-3961-20A7-670036FE3DCD_meine_vergessen.exe","size":"7168"}]}