{"uuid":"8613d509-9193-5db3-7456-1e081fd4a757","score":"400","min_score":"0","name":"2013y","subject":"recon","state":"open","author":"[keva] firolunis","text":"EN: Where keva was located from 2008 to 2014?\nRU: \u0413\u0434\u0435 keva \u0441\u043e\u0431\u0438\u0440\u0430\u043b\u0430\u0441\u044c \u0441 2008 \u043f\u043e 2014 \u0433\u043e\u0434?","description_state":"","answer":"005-3","date_create":"2015-09-25 18:42:45","date_change":"2015-09-25 18:42:45","game":{"uuid":"83b3c135-267e-5fa5-a93d-d78266d3d571","title":"FHQ2015"},"files":[]}