{"uuid":"4c2db3be-7cc2-961c-a0d1-34cbcddc2bcd","score":"100","min_score":"0","name":"logs","subject":"admin","state":"open","author":"[keva] sea-kg","text":"EN: Find the flag.\nRU: \u041d\u0430\u0439\u0434\u0438\u0442\u0435 \u0444\u043b\u0430\u0433.\n","description_state":"","answer":"forensicsandadminsclose","date_create":"2015-09-25 16:25:40","date_change":"2015-09-25 16:26:14","game":{"uuid":"83b3c135-267e-5fa5-a93d-d78266d3d571","title":"FHQ2015"},"files":[{"uuid":"95981A9B-0380-65C7-6D0D-E310965D31E1","filename":"fhq2015-error_log","filepath":"files\/quests\/95981A9B-0380-65C7-6D0D-E310965D31E1_fhq2015error_log","size":"4069"},{"uuid":"E4E3951B-A009-AE1F-9D4E-D7FF971550AA","filename":"fhq2015-access_log","filepath":"files\/quests\/E4E3951B-A009-AE1F-9D4E-D7FF971550AA_fhq2015access_log","size":"32642"}]}