{"uuid":"f1e810bf-f45f-b4cf-c337-91f3d6c6c8b6","score":"100","min_score":"0","name":"book","subject":"forensics","state":"open","author":"[keva] sea-kg","text":"EN: Find the flag.\nRU: \u041d\u0430\u0439\u0434\u0438\u0442\u0435 \u0444\u043b\u0430\u0433.","description_state":"","answer":"firstlevel","date_create":"2015-09-25 17:23:26","date_change":"2015-09-25 17:23:55","game":{"uuid":"83b3c135-267e-5fa5-a93d-d78266d3d571","title":"FHQ2015"},"files":[{"uuid":"599621DE-CCEF-DE03-AE4E-4D8677716370","filename":"forensics100.iso","filepath":"files\/quests\/599621DE-CCEF-DE03-AE4E-4D8677716370_forensics100.iso","size":"415744"}]}