{"uuid":"e0cfa9e4-ee33-daa9-90e4-36ee8a05ca35","score":"100","min_score":"0","name":"arrest-in-city","subject":"recon","state":"open","author":"[keva] sea-kg","text":"EN: In which city was arrested this man?\nRU: \u0412 \u043a\u0430\u043a\u043e\u043c \u0433\u043e\u0440\u043e\u0434\u0435 \u0431\u044b\u043b \u0430\u0440\u0435\u0441\u0442\u043e\u0432\u0430\u043d \u044d\u0442\u043e\u0442 \u0447\u0435\u043b\u043e\u0432\u0435\u043a?\n\nHint: 1977\n\n<img width=\"250px\" src=\"files\/quests\/14D0CFEF-8FC8-F72E-871F-71CFAF0F19D4_recon100.jpeg\"\/>","description_state":"Solve by author:\n\n    just google: \"Bill Gates arrest 1977\"\n","answer":"Albuquerque","date_create":"2015-09-25 18:35:27","date_change":"2015-09-25 18:35:53","game":{"uuid":"83b3c135-267e-5fa5-a93d-d78266d3d571","title":"FHQ2015"},"files":[{"uuid":"14D0CFEF-8FC8-F72E-871F-71CFAF0F19D4","filename":"recon100.jpeg","filepath":"files\/quests\/14D0CFEF-8FC8-F72E-871F-71CFAF0F19D4_recon100.jpeg","size":"65989"}]}