{"uuid":"df87b673-ab97-4f7a-da94-78d7a5cb7437","score":"100","min_score":"0","name":"gmap","subject":"ppc","state":"open","author":"[keva] sea-kg","text":"EN: What are you trying to show these figures?\nRU: \u0427\u0442\u043e \u043f\u044b\u0442\u0430\u044e\u0442\u0441\u044f \u0432\u0430\u043c \u043f\u043e\u043a\u0430\u0437\u0430\u0442\u044c \u044d\u0442\u0438\u043c\u0438 \u0446\u0438\u0444\u0440\u0430\u043c\u0438?\n\n","description_state":"Solve by author:\n\n    create special program for paint this numbers like coordinates\n","answer":"helloalien","date_create":"2015-09-25 17:58:22","date_change":"2015-09-25 17:59:15","game":{"uuid":"83b3c135-267e-5fa5-a93d-d78266d3d571","title":"FHQ2015"},"files":[{"uuid":"5D8ED451-8901-4D77-BE8D-7EE39181B70E","filename":"data.js","filepath":"files\/quests\/5D8ED451-8901-4D77-BE8D-7EE39181B70E_data.js","size":"2626"}]}